skill_id,skill_name,description
1,Technical Support,Hit do learn bad continue family eat.
2,Machine Learning,Wide single necessary nearly win car success.
3,Cloud Computing,Whether turn north teacher action consumer suddenly.
4,Cloud Computing,Suffer huge goal investment.
5,Data Engineering,Meet generation she economic through return.
6,AI Model Deployment,Side owner cell hard career try side.
7,Product Design,Us tree society serious simple.
8,Machine Learning,Soldier dream state adult.
9,Cloud Computing,Outside friend class consider drop build several.
10,Automation Testing,Decision majority let agree.
11,AI Model Deployment,Teach record training case.
12,Python Programming,Music large own floor defense drive civil.
13,Cybersecurity,Between show game.
14,Version Control (Git),Increase possible enter fine over hour eat career.
15,Cloud Computing,Direction be real cost activity.
16,Technical Support,Whole something usually government stay face travel fear.
17,Automation Testing,Product focus suggest stay management present fire.
18,Cloud Computing,Economic also consider area director.
19,Containerization (Docker),Accept if century his think peace quality.
20,Machine Learning,Perhaps chance pattern.
21,Automation Testing,Imagine investment yard wife such institution.
22,Data Analysis,Western wonder away particular.
23,Automation Testing,Knowledge physical nice there.
24,Cloud Computing,Plan would finish away with.
25,SQL & Databases,Moment defense citizen play board approach.
26,Data Engineering,Her term affect management memory.
27,SQL & Databases,Provide carry ability together less tell.
28,Containerization (Docker),After federal trade nothing fight determine fear far.
29,Data Engineering,Green federal media alone fast pretty force.
30,Cloud Computing,Affect force race pay man provide.
31,Software Testing,Able page interest in throughout person though.
32,Machine Learning,Top attorney might cover even.
33,Containerization (Docker),Glass take himself magazine.
34,Containerization (Docker),Door song writer box item team.
35,AI Model Deployment,Himself face nation job family star.
36,Technical Support,Arrive door none class.
37,Version Control (Git),Physical large six cause responsibility language defense.
38,Data Analysis,Political four design but.
39,Machine Learning,Agree evidence stuff point.
40,Technical Support,Nor do near upon find dinner car.
41,Data Engineering,Despite question decide.
42,Data Analysis,Finally bed final skin easy pick.
43,Machine Learning,These improve lose animal push court.
44,DevOps Tools,Politics age cut.
45,Machine Learning,Upon their strategy wish majority much.
46,Technical Support,Clear art space total production describe data.
47,Containerization (Docker),Machine wonder deep section reduce.
48,Automation Testing,Ok any half way doctor approach follow.
49,Technical Support,Dark hit simple chair threat themselves room.
50,Data Engineering,Box four chance tend help fact.
51,AI Model Deployment,Mention moment full lot long politics weight.
52,Python Programming,Quality year up training any break be.
53,Automation Testing,Statement series when him center.
54,Data Analysis,Music floor forward style show serve opportunity.
55,Product Design,Probably edge include bank mention rise.
56,Python Programming,Minute call pass blue.
57,SQL & Databases,Series pretty participant own.
58,Software Testing,Step already a increase task attack.
59,Data Engineering,Road modern quite your understand.
60,Cloud Computing,Risk rule lay consumer difficult.
61,DevOps Tools,Authority bed effect.
62,Machine Learning,Republican call politics perhaps national.
63,DevOps Tools,Sport current finally song scene building.
64,Data Analysis,Six up station out against side.
65,DevOps Tools,Wall relationship than wear speak.
66,Automation Testing,Manager game prove decide star write.
67,Software Testing,Enter dog include finally.
68,Technical Support,Animal phone several source admit decide.
69,SQL & Databases,Difficult issue nearly citizen agency effect.
70,Data Engineering,Music what series relate.
71,Technical Support,West later you.
72,Software Testing,Field help couple.
73,Data Analysis,Near peace after.
74,Cybersecurity,Control another that.
75,Product Design,There similar keep beautiful forget push sign.
76,Version Control (Git),Job myself serve stand take.
77,Data Analysis,List performance various door base.
78,Product Design,Technology charge guy tax including.
79,AI Model Deployment,Development seat future able draw market history future.
80,DevOps Tools,Form moment throw specific behind.
81,Software Testing,Blue send know fear training allow benefit.
82,Data Analysis,Someone modern real close laugh recent training.
83,Data Engineering,Forget country if word possible.
84,Containerization (Docker),Can that himself party analysis claim wall.
85,Product Design,Food positive learn game.
86,AI Model Deployment,Share usually standard.
87,Automation Testing,Exactly on hand wide activity those what.
88,Data Engineering,Could challenge such customer at popular.
89,DevOps Tools,Finally mission character total interest above bag.
90,Data Analysis,Good guy lose others.
91,Machine Learning,Black news subject spring consider else.
92,Version Control (Git),Much series speak others.
93,AI Model Deployment,Couple office region almost type either.
94,Automation Testing,Of last necessary stand.
95,SQL & Databases,Minute tax like open.
96,SQL & Databases,Day walk true doctor.
97,Product Design,Rule impact side since hotel recent behind.
98,Data Engineering,Environment take story event might condition social read.
99,Product Design,Its great hair wife attorney imagine.
100,Technical Support,It they miss tend much.
101,Data Analysis,Note high money design suffer which during.
102,SQL & Databases,Near thank movement school.
103,SQL & Databases,Sure happy most modern book should quality.
104,SQL & Databases,Over whether resource education author if.
105,Automation Testing,Will simple because friend themselves.
106,Data Engineering,Win maybe century head form often.
107,Python Programming,Usually term cultural need sure at.
108,Automation Testing,Check thousand nation why protect.
109,Containerization (Docker),Ask subject cause red.
110,DevOps Tools,Lose if anyone reason structure.
111,Automation Testing,I recent special base article determine film.
112,Software Testing,With strong sport table could.
113,Data Analysis,Political stuff worry keep improve thousand nothing.
114,Data Engineering,Tough beyond recently television.
115,DevOps Tools,Building least garden.
116,Software Testing,Together friend human economic inside.
117,DevOps Tools,Stand red determine benefit career herself fish.
118,Cloud Computing,Maybe hot drug face.
119,Data Engineering,Responsibility page around.
120,Automation Testing,Beat explain opportunity black unit.
121,Data Analysis,Kitchen building how own.
122,Containerization (Docker),Computer teacher hair this across.
123,Cloud Computing,Police goal spring write school.
124,DevOps Tools,Take different often minute term.
125,AI Model Deployment,Outside much back image about imagine even.
126,AI Model Deployment,Give research must process especially.
127,Python Programming,Concern ok talk arrive pull camera tell.
128,Automation Testing,At best different street lead organization.
129,Containerization (Docker),Measure she learn by entire nation.
130,Data Analysis,Name stand throughout exactly.
131,Data Analysis,Low fly impact one enter.
132,Cybersecurity,Fast sense nearly stop bad yet.
133,Cybersecurity,Develop story conference manage international.
134,Cloud Computing,Degree put likely because according over.
135,Cloud Computing,Security act board meet institution.
136,DevOps Tools,Worker data add his answer crime dog.
137,Technical Support,Skill skin boy play.
138,Technical Support,He energy player piece economy site investment system.
139,DevOps Tools,Skin admit far state.
140,Software Testing,Born arrive visit only.
141,AI Model Deployment,Look age cover early.
142,Automation Testing,Ago rule defense major.
143,Machine Learning,Enough whose quickly argue herself sense describe.
144,Machine Learning,Manager now civil use success.
145,Cloud Computing,Professor for board police.
146,Version Control (Git),Measure place opportunity.
147,DevOps Tools,Modern despite single likely training hour special.
148,Data Analysis,Congress indeed describe consider sign.
149,Version Control (Git),Continue yeah life worry.
150,Cybersecurity,Like their risk operation most fly face week.
151,Software Testing,Design behavior interest especially.
152,DevOps Tools,Somebody education action want listen.
153,Containerization (Docker),Think green church difficult fill contain.
154,Version Control (Git),Young process raise into court century however.
155,Version Control (Git),While single check student concern man.
156,SQL & Databases,Religious interesting attention he kid.
157,SQL & Databases,Particular manage yet glass national.
158,Data Engineering,Either her serve.
159,Product Design,Western provide what article state north.
160,Cloud Computing,Water painting lawyer somebody weight southern.
161,Automation Testing,Picture wait value performance miss night coach.
162,Product Design,Character land offer whom take simply throw.
163,Cybersecurity,Thousand politics against nor authority job lay table.
164,Cybersecurity,Ok pass history movie police side arm.
165,DevOps Tools,Child politics between will tell admit involve.
166,Cybersecurity,Feel manager official understand she market tell.
167,Machine Learning,Available three always newspaper.
168,Data Engineering,Training back let note wait.
169,DevOps Tools,Of allow debate later key store behind.
170,Data Engineering,Project dog change especially suffer growth avoid.
171,Version Control (Git),Occur environmental or continue maintain fish statement feeling.
172,DevOps Tools,Great ability wind finally head.
173,DevOps Tools,Model among street scientist deep read.
174,Automation Testing,Them ability offer nature low respond.
175,Technical Support,While six attorney low.
176,Python Programming,Order say six eye send.
177,Technical Support,Other happen direction walk.
178,SQL & Databases,Pm lay relate school threat happy firm.
179,Automation Testing,Relate reason far.
180,Cybersecurity,Size nearly responsibility practice hundred produce.
181,Data Analysis,Option least all environment main about.
182,Machine Learning,Address difference huge.
183,Data Analysis,Human together know hot skill job able it.
184,SQL & Databases,Technology buy building.
185,Containerization (Docker),Serve mission main entire spring less.
186,Python Programming,Congress side citizen because body.
187,Version Control (Git),Head represent he culture trouble total.
188,Containerization (Docker),Article reflect trip office along method.
189,DevOps Tools,Represent yard whole act season.
190,Version Control (Git),Never avoid church similar.
191,Python Programming,Summer positive star lawyer.
192,Python Programming,Fine whole this.
193,Version Control (Git),Including shoulder provide act.
194,Data Analysis,Catch brother notice.
195,Cloud Computing,Item soon our author.
196,Cloud Computing,Treat so political.
197,Version Control (Git),Attention treat forget.
198,Version Control (Git),Future draw decade front sort.
199,Product Design,Stand wear down table that picture new heart.
200,Data Analysis,Effort summer nation hour agree air early.
